GROUP,PACKAGE,CLASS,INSTRUCTION_MISSED,INSTRUCTION_COVERED,BRANCH_MISSED,BRANCH_COVERED,LINE_MISSED,LINE_COVERED,COMPLEXITY_MISSED,COMPLEXITY_COVERED,METHOD_MISSED,METHOD_COVERED
AWS Lambda Durable Execution SDK Coverage Report/aws-durable-execution-sdk-java,software.amazon.lambda.durable,StepConfig,3,7,0,0,1,1,1,1,1,1
AWS Lambda Durable Execution SDK Coverage Report/aws-durable-execution-sdk-java,software.amazon.lambda.durable,DurableFuture,24,12,0,0,6,2,4,2,4,2
AWS Lambda Durable Execution SDK Coverage Report/aws-durable-execution-sdk-java,software.amazon.lambda.durable,DurableConfig,11,232,4,20,4,62,3,25,0,16
AWS Lambda Durable Execution SDK Coverage Report/aws-durable-execution-sdk-java,software.amazon.lambda.durable,TypeToken.new TypeToken() {...},0,4,0,0,0,1,0,1,0,1
AWS Lambda Durable Execution SDK Coverage Report/aws-durable-execution-sdk-java,software.amazon.lambda.durable,TypeToken.new TypeToken() {...},0,4,0,0,0,1,0,1,0,1
AWS Lambda Durable Execution SDK Coverage Report/aws-durable-execution-sdk-java,software.amazon.lambda.durable,DurableHandler,36,44,0,2,6,11,1,5,1,4
AWS Lambda Durable Execution SDK Coverage Report/aws-durable-execution-sdk-java,software.amazon.lambda.durable,DurableContext,234,247,0,0,48,55,27,28,27,28
AWS Lambda Durable Execution SDK Coverage Report/aws-durable-execution-sdk-java,software.amazon.lambda.durable,DurableConfig.Builder,0,62,0,0,0,19,0,9,0,9
AWS Lambda Durable Execution SDK Coverage Report/aws-durable-execution-sdk-java,software.amazon.lambda.durable,CallbackConfig,10,0,0,0,2,0,2,0,2,0
AWS Lambda Durable Execution SDK Coverage Report/aws-durable-execution-sdk-java,software.amazon.lambda.durable,WaitForCallbackConfig,7,0,0,0,2,0,2,0,2,0
AWS Lambda Durable Execution SDK Coverage Report/aws-durable-execution-sdk-java,software.amazon.lambda.durable,TypeToken,4,68,2,4,2,17,2,9,0,8
AWS Lambda Durable Execution SDK Coverage Report/aws-durable-execution-sdk-java,software.amazon.lambda.durable,ParallelDurableFuture,16,9,0,0,2,3,2,1,2,1
AWS Lambda Durable Execution SDK Coverage Report/aws-durable-execution-sdk-java,software.amazon.lambda.durable.model,MapResult.MapResultItem,0,33,0,0,0,4,0,4,0,4
AWS Lambda Durable Execution SDK Coverage Report/aws-durable-execution-sdk-java,software.amazon.lambda.durable.model,OperationIdentifier,0,31,0,0,0,3,0,3,0,3
AWS Lambda Durable Execution SDK Coverage Report/aws-durable-execution-sdk-java,software.amazon.lambda.durable.model,WaitForConditionResult,0,21,0,0,0,3,0,3,0,3
AWS Lambda Durable Execution SDK Coverage Report/aws-durable-execution-sdk-java,software.amazon.lambda.durable.model,OperationSubType,3,63,0,0,1,12,1,3,1,3
AWS Lambda Durable Execution SDK Coverage Report/aws-durable-execution-sdk-java,software.amazon.lambda.durable.model,MapResult,2,105,2,8,0,19,2,16,0,13
AWS Lambda Durable Execution SDK Coverage Report/aws-durable-execution-sdk-java,software.amazon.lambda.durable.model,MapResult.MapResultItem.Status,0,21,0,0,0,4,0,1,0,1
AWS Lambda Durable Execution SDK Coverage Report/aws-durable-execution-sdk-java,software.amazon.lambda.durable.model,DurableExecutionInput,0,12,0,0,0,1,0,1,0,1
AWS Lambda Durable Execution SDK Coverage Report/aws-durable-execution-sdk-java,software.amazon.lambda.durable.model,ExecutionStatus,0,24,0,0,0,5,0,2,0,2
AWS Lambda Durable Execution SDK Coverage Report/aws-durable-execution-sdk-java,software.amazon.lambda.durable.model,MapResult.MapError,0,24,0,0,0,3,0,2,0,2
AWS Lambda Durable Execution SDK Coverage Report/aws-durable-execution-sdk-java,software.amazon.lambda.durable.model,ConcurrencyCompletionStatus,0,34,0,4,0,6,0,5,0,3
AWS Lambda Durable Execution SDK Coverage Report/aws-durable-execution-sdk-java,software.amazon.lambda.durable.model,DurableExecutionOutput,0,33,0,0,0,4,0,4,0,4
AWS Lambda Durable Execution SDK Coverage Report/aws-durable-execution-sdk-java,software.amazon.lambda.durable.model,ParallelResult,0,15,0,0,0,1,0,1,0,1
AWS Lambda Durable Execution SDK Coverage Report/aws-durable-execution-sdk-java,software.amazon.lambda.durable.operation,ConcurrencyOperation,26,422,6,36,6,95,6,30,0,15
AWS Lambda Durable Execution SDK Coverage Report/aws-durable-execution-sdk-java,software.amazon.lambda.durable.operation,WaitOperation,3,86,4,8,1,29,4,8,0,6
AWS Lambda Durable Execution SDK Coverage Report/aws-durable-execution-sdk-java,software.amazon.lambda.durable.operation,WaitForConditionOperation,31,294,8,26,5,79,9,22,1,12
AWS Lambda Durable Execution SDK Coverage Report/aws-durable-execution-sdk-java,software.amazon.lambda.durable.operation,StepOperation,62,267,7,32,13,71,8,26,2,11
AWS Lambda Durable Execution SDK Coverage Report/aws-durable-execution-sdk-java,software.amazon.lambda.durable.operation,CallbackOperation,14,116,3,10,4,29,3,11,0,6
AWS Lambda Durable Execution SDK Coverage Report/aws-durable-execution-sdk-java,software.amazon.lambda.durable.operation,MapOperation,20,298,6,29,4,77,6,20,0,8
AWS Lambda Durable Execution SDK Coverage Report/aws-durable-execution-sdk-java,software.amazon.lambda.durable.operation,ChildContextOperation,81,323,20,44,17,88,16,33,0,13
AWS Lambda Durable Execution SDK Coverage Report/aws-durable-execution-sdk-java,software.amazon.lambda.durable.operation,BaseDurableOperation,56,442,5,35,6,100,6,43,1,28
AWS Lambda Durable Execution SDK Coverage Report/aws-durable-execution-sdk-java,software.amazon.lambda.durable.operation,MapOperation.new TypeToken() {...},0,3,0,0,0,1,0,1,0,1
AWS Lambda Durable Execution SDK Coverage Report/aws-durable-execution-sdk-java,software.amazon.lambda.durable.operation,InvokeOperation,7,115,2,10,2,31,2,11,0,5
AWS Lambda Durable Execution SDK Coverage Report/aws-durable-execution-sdk-java,software.amazon.lambda.durable.operation,ParallelOperation,7,137,2,8,1,38,2,12,0,9
AWS Lambda Durable Execution SDK Coverage Report/aws-durable-execution-sdk-java,software.amazon.lambda.durable.operation,SerializableDurableOperation,31,104,3,7,6,34,3,10,1,7
AWS Lambda Durable Execution SDK Coverage Report/aws-durable-execution-sdk-java,software.amazon.lambda.durable.retry,WaitStrategies.Presets,3,10,0,0,1,2,1,1,1,1
AWS Lambda Durable Execution SDK Coverage Report/aws-durable-execution-sdk-java,software.amazon.lambda.durable.retry,JitterStrategy,0,21,0,0,0,4,0,1,0,1
AWS Lambda Durable Execution SDK Coverage Report/aws-durable-execution-sdk-java,software.amazon.lambda.durable.retry,JitterStrategy.new JitterStrategy() {...},0,15,0,0,0,2,0,2,0,2
AWS Lambda Durable Execution SDK Coverage Report/aws-durable-execution-sdk-java,software.amazon.lambda.durable.retry,JitterStrategy.new JitterStrategy() {...},0,9,0,0,0,2,0,2,0,2
AWS Lambda Durable Execution SDK Coverage Report/aws-durable-execution-sdk-java,software.amazon.lambda.durable.retry,JitterStrategy.new JitterStrategy() {...},0,7,0,0,0,2,0,2,0,2
AWS Lambda Durable Execution SDK Coverage Report/aws-durable-execution-sdk-java,software.amazon.lambda.durable.retry,PollingStrategies.Presets,3,9,0,0,1,2,1,1,1,1
AWS Lambda Durable Execution SDK Coverage Report/aws-durable-execution-sdk-java,software.amazon.lambda.durable.retry,PollingStrategies,3,90,0,14,1,17,1,11,1,4
AWS Lambda Durable Execution SDK Coverage Report/aws-durable-execution-sdk-java,software.amazon.lambda.durable.retry,WaitStrategies,9,102,1,11,2,24,2,10,1,5
AWS Lambda Durable Execution SDK Coverage Report/aws-durable-execution-sdk-java,software.amazon.lambda.durable.retry,RetryStrategies,3,90,0,10,1,22,1,9,1,4
AWS Lambda Durable Execution SDK Coverage Report/aws-durable-execution-sdk-java,software.amazon.lambda.durable.retry,RetryStrategies.Presets,3,14,0,0,1,4,1,2,1,2
AWS Lambda Durable Execution SDK Coverage Report/aws-durable-execution-sdk-java,software.amazon.lambda.durable.retry,RetryDecision,0,46,0,4,0,9,0,8,0,6
AWS Lambda Durable Execution SDK Coverage Report/aws-durable-execution-sdk-java,software.amazon.lambda.durable.util,CompletedDurableFuture,0,9,0,0,0,4,0,2,0,2
AWS Lambda Durable Execution SDK Coverage Report/aws-durable-execution-sdk-java,software.amazon.lambda.durable.util,ParameterValidator,0,170,0,40,0,39,0,29,0,9
AWS Lambda Durable Execution SDK Coverage Report/aws-durable-execution-sdk-java,software.amazon.lambda.durable.util,ExceptionHelper,3,94,0,2,1,22,1,9,1,8
AWS Lambda Durable Execution SDK Coverage Report/aws-durable-execution-sdk-java,software.amazon.lambda.durable.exception,StepException,0,6,0,0,0,2,0,1,0,1
AWS Lambda Durable Execution SDK Coverage Report/aws-durable-execution-sdk-java,software.amazon.lambda.durable.exception,InvokeException,1,11,1,1,1,4,1,1,0,1
AWS Lambda Durable Execution SDK Coverage Report/aws-durable-execution-sdk-java,software.amazon.lambda.durable.exception,CallbackFailedException,2,23,2,2,1,6,2,2,0,2
AWS Lambda Durable Execution SDK Coverage Report/aws-durable-execution-sdk-java,software.amazon.lambda.durable.exception,InvokeStoppedException,0,4,0,0,0,2,0,1,0,1
AWS Lambda Durable Execution SDK Coverage Report/aws-durable-execution-sdk-java,software.amazon.lambda.durable.exception,CallbackTimeoutException,0,8,0,0,0,2,0,1,0,1
AWS Lambda Durable Execution SDK Coverage Report/aws-durable-execution-sdk-java,software.amazon.lambda.durable.exception,CallbackSubmitterException,7,0,0,0,2,0,1,0,1,0
AWS Lambda Durable Execution SDK Coverage Report/aws-durable-execution-sdk-java,software.amazon.lambda.durable.exception,CallbackException,0,23,0,0,0,6,0,3,0,3
AWS Lambda Durable Execution SDK Coverage Report/aws-durable-execution-sdk-java,software.amazon.lambda.durable.exception,StepInterruptedException,0,51,1,3,0,13,1,5,0,4
AWS Lambda Durable Execution SDK Coverage Report/aws-durable-execution-sdk-java,software.amazon.lambda.durable.exception,InvokeTimedOutException,0,4,0,0,0,2,0,1,0,1
AWS Lambda Durable Execution SDK Coverage Report/aws-durable-execution-sdk-java,software.amazon.lambda.durable.exception,DurableExecutionException,0,22,0,2,0,8,0,4,0,3
AWS Lambda Durable Execution SDK Coverage Report/aws-durable-execution-sdk-java,software.amazon.lambda.durable.exception,InvokeFailedException,0,4,0,0,0,2,0,1,0,1
AWS Lambda Durable Execution SDK Coverage Report/aws-durable-execution-sdk-java,software.amazon.lambda.durable.exception,ChildContextFailedException,0,37,0,4,0,7,0,5,0,3
AWS Lambda Durable Execution SDK Coverage Report/aws-durable-execution-sdk-java,software.amazon.lambda.durable.exception,IllegalDurableOperationException,0,11,0,0,0,5,0,1,0,1
AWS Lambda Durable Execution SDK Coverage Report/aws-durable-execution-sdk-java,software.amazon.lambda.durable.exception,StepFailedException,0,30,0,2,0,8,0,3,0,2
AWS Lambda Durable Execution SDK Coverage Report/aws-durable-execution-sdk-java,software.amazon.lambda.durable.exception,UnrecoverableDurableExecutionException,0,11,0,0,0,4,0,2,0,2
AWS Lambda Durable Execution SDK Coverage Report/aws-durable-execution-sdk-java,software.amazon.lambda.durable.exception,NonDeterministicExecutionException,0,11,0,0,0,5,0,1,0,1
AWS Lambda Durable Execution SDK Coverage Report/aws-durable-execution-sdk-java,software.amazon.lambda.durable.exception,WaitForConditionFailedException,1,17,1,1,0,5,1,2,0,2
AWS Lambda Durable Execution SDK Coverage Report/aws-durable-execution-sdk-java,software.amazon.lambda.durable.exception,SerDesException,0,9,0,0,0,4,0,2,0,2
AWS Lambda Durable Execution SDK Coverage Report/aws-durable-execution-sdk-java,software.amazon.lambda.durable.exception,DurableOperationException,0,58,0,4,0,15,0,10,0,8
AWS Lambda Durable Execution SDK Coverage Report/aws-durable-execution-sdk-java,software.amazon.lambda.durable.execution,SuspendExecutionException,0,4,0,0,0,2,0,1,0,1
AWS Lambda Durable Execution SDK Coverage Report/aws-durable-execution-sdk-java,software.amazon.lambda.durable.execution,InternalExecutor,0,22,0,0,0,5,0,2,0,2
AWS Lambda Durable Execution SDK Coverage Report/aws-durable-execution-sdk-java,software.amazon.lambda.durable.execution,ThreadType,0,28,0,0,0,7,0,3,0,3
AWS Lambda Durable Execution SDK Coverage Report/aws-durable-execution-sdk-java,software.amazon.lambda.durable.execution,ThreadContext,0,9,0,0,0,1,0,1,0,1
AWS Lambda Durable Execution SDK Coverage Report/aws-durable-execution-sdk-java,software.amazon.lambda.durable.execution,OperationIdGenerator,7,41,0,2,2,9,0,4,0,3
AWS Lambda Durable Execution SDK Coverage Report/aws-durable-execution-sdk-java,software.amazon.lambda.durable.execution,DurableExecutor,1,190,1,13,0,51,1,15,0,9
AWS Lambda Durable Execution SDK Coverage Report/aws-durable-execution-sdk-java,software.amazon.lambda.durable.execution,ExecutionMode,0,15,0,0,0,3,0,1,0,1
AWS Lambda Durable Execution SDK Coverage Report/aws-durable-execution-sdk-java,software.amazon.lambda.durable.execution,ApiRequestDelayedBatcher.Item,0,9,0,0,0,1,0,1,0,1
AWS Lambda Durable Execution SDK Coverage Report/aws-durable-execution-sdk-java,software.amazon.lambda.durable.execution,ExecutionManager,8,391,3,35,3,80,3,43,0,27
AWS Lambda Durable Execution SDK Coverage Report/aws-durable-execution-sdk-java,software.amazon.lambda.durable.execution,CheckpointManager,0,419,1,27,0,89,1,28,0,15
AWS Lambda Durable Execution SDK Coverage Report/aws-durable-execution-sdk-java,software.amazon.lambda.durable.execution,ApiRequestDelayedBatcher,0,269,1,21,0,70,1,18,0,8
AWS Lambda Durable Execution SDK Coverage Report/aws-durable-execution-sdk-java,software.amazon.lambda.durable.logging,DurableLogger,0,170,2,18,0,38,2,24,0,16
AWS Lambda Durable Execution SDK Coverage Report/aws-durable-execution-sdk-java,software.amazon.lambda.durable.logging,LoggerConfig,5,11,0,0,1,2,1,2,1,2
AWS Lambda Durable Execution SDK Coverage Report/aws-durable-execution-sdk-java,software.amazon.lambda.durable.context,StepContextImpl,0,46,2,4,0,13,2,5,0,4
AWS Lambda Durable Execution SDK Coverage Report/aws-durable-execution-sdk-java,software.amazon.lambda.durable.context,BaseContextImpl,0,52,0,0,0,18,0,9,0,9
AWS Lambda Durable Execution SDK Coverage Report/aws-durable-execution-sdk-java,software.amazon.lambda.durable.context,DurableContextImpl,1,492,5,19,0,126,5,27,0,20
AWS Lambda Durable Execution SDK Coverage Report/aws-durable-execution-sdk-java,software.amazon.lambda.durable.config,WaitForCallbackConfig,0,43,0,4,0,9,0,7,0,5
AWS Lambda Durable Execution SDK Coverage Report/aws-durable-execution-sdk-java,software.amazon.lambda.durable.config,RunInChildContextConfig.Builder,0,16,0,0,0,6,0,3,0,3
AWS Lambda Durable Execution SDK Coverage Report/aws-durable-execution-sdk-java,software.amazon.lambda.durable.config,RunInChildContextConfig,0,21,0,0,0,6,0,4,0,4
AWS Lambda Durable Execution SDK Coverage Report/aws-durable-execution-sdk-java,software.amazon.lambda.durable.config,WaitForConditionConfig.Builder,0,20,0,0,0,7,0,4,0,4
AWS Lambda Durable Execution SDK Coverage Report/aws-durable-execution-sdk-java,software.amazon.lambda.durable.config,StepConfig,0,51,0,4,0,10,0,8,0,6
AWS Lambda Durable Execution SDK Coverage Report/aws-durable-execution-sdk-java,software.amazon.lambda.durable.config,WaitForConditionConfig,0,51,0,2,0,14,0,7,0,6
AWS Lambda Durable Execution SDK Coverage Report/aws-durable-execution-sdk-java,software.amazon.lambda.durable.config,InvokeConfig.Builder,5,27,0,0,2,10,1,4,1,4
AWS Lambda Durable Execution SDK Coverage Report/aws-durable-execution-sdk-java,software.amazon.lambda.durable.config,StepConfig.Builder,0,32,0,0,0,12,0,5,0,5
AWS Lambda Durable Execution SDK Coverage Report/aws-durable-execution-sdk-java,software.amazon.lambda.durable.config,MapConfig.Builder,0,44,0,4,0,14,0,7,0,5
AWS Lambda Durable Execution SDK Coverage Report/aws-durable-execution-sdk-java,software.amazon.lambda.durable.config,CallbackConfig,0,41,0,0,0,10,0,6,0,6
AWS Lambda Durable Execution SDK Coverage Report/aws-durable-execution-sdk-java,software.amazon.lambda.durable.config,MapConfig,0,53,0,4,0,11,0,8,0,6
AWS Lambda Durable Execution SDK Coverage Report/aws-durable-execution-sdk-java,software.amazon.lambda.durable.config,CompletionConfig,0,90,0,8,0,13,0,11,0,7
AWS Lambda Durable Execution SDK Coverage Report/aws-durable-execution-sdk-java,software.amazon.lambda.durable.config,InvokeConfig,0,41,0,0,0,10,0,6,0,6
AWS Lambda Durable Execution SDK Coverage Report/aws-durable-execution-sdk-java,software.amazon.lambda.durable.config,WaitForCallbackConfig.Builder,0,18,0,0,0,6,0,4,0,4
AWS Lambda Durable Execution SDK Coverage Report/aws-durable-execution-sdk-java,software.amazon.lambda.durable.config,ParallelBranchConfig.Builder,5,11,0,0,2,4,1,2,1,2
AWS Lambda Durable Execution SDK Coverage Report/aws-durable-execution-sdk-java,software.amazon.lambda.durable.config,CallbackConfig.Builder,0,38,0,0,0,14,0,5,0,5
AWS Lambda Durable Execution SDK Coverage Report/aws-durable-execution-sdk-java,software.amazon.lambda.durable.config,ParallelConfig,0,32,0,4,0,8,0,6,0,4
AWS Lambda Durable Execution SDK Coverage Report/aws-durable-execution-sdk-java,software.amazon.lambda.durable.config,ParallelConfig.Builder,5,32,3,5,1,8,3,4,0,3
AWS Lambda Durable Execution SDK Coverage Report/aws-durable-execution-sdk-java,software.amazon.lambda.durable.config,ParallelBranchConfig,6,15,0,0,1,5,1,3,1,3
AWS Lambda Durable Execution SDK Coverage Report/aws-durable-execution-sdk-java,software.amazon.lambda.durable.config,StepSemantics,0,15,0,0,0,3,0,1,0,1
AWS Lambda Durable Execution SDK Coverage Report/aws-durable-execution-sdk-java,software.amazon.lambda.durable.serde,AwsSdkV2Module.SdkDeserializer,10,42,0,0,3,10,0,2,0,2
AWS Lambda Durable Execution SDK Coverage Report/aws-durable-execution-sdk-java,software.amazon.lambda.durable.serde,DurableInputOutputSerDes.new JsonDeserializer() {...},0,27,0,2,0,8,0,4,0,3
AWS Lambda Durable Execution SDK Coverage Report/aws-durable-execution-sdk-java,software.amazon.lambda.durable.serde,DurableInputOutputSerDes.new JsonSerializer() {...},10,3,0,0,3,1,1,1,1,1
AWS Lambda Durable Execution SDK Coverage Report/aws-durable-execution-sdk-java,software.amazon.lambda.durable.serde,DurableInputOutputSerDes.new JsonDeserializer() {...},11,3,0,0,2,1,1,1,1,1
AWS Lambda Durable Execution SDK Coverage Report/aws-durable-execution-sdk-java,software.amazon.lambda.durable.serde,AwsSdkV2Module.SdkSerializer,10,22,0,0,3,6,0,1,0,1
AWS Lambda Durable Execution SDK Coverage Report/aws-durable-execution-sdk-java,software.amazon.lambda.durable.serde,DurableInputOutputSerDes,14,120,2,2,8,23,2,4,0,4
AWS Lambda Durable Execution SDK Coverage Report/aws-durable-execution-sdk-java,software.amazon.lambda.durable.serde,AwsSdkV2Module,0,40,0,2,0,10,0,4,0,3
AWS Lambda Durable Execution SDK Coverage Report/aws-durable-execution-sdk-java,software.amazon.lambda.durable.serde,JacksonSerDes,0,82,0,4,0,21,0,6,0,4
AWS Lambda Durable Execution SDK Coverage Report/aws-durable-execution-sdk-java,software.amazon.lambda.durable.client,LambdaDurableFunctionsClient,30,9,0,0,12,3,2,1,2,1
AWS Lambda Durable Execution SDK Coverage Report/aws-durable-execution-sdk-java-testing,software.amazon.lambda.durable.testing,CloudDurableTestRunner,186,87,5,1,47,17,8,6,5,6
AWS Lambda Durable Execution SDK Coverage Report/aws-durable-execution-sdk-java-testing,software.amazon.lambda.durable.testing,LocalDurableTestRunner,9,336,3,7,2,80,4,25,1,23
AWS Lambda Durable Execution SDK Coverage Report/aws-durable-execution-sdk-java-testing,software.amazon.lambda.durable.testing,TestResult,34,141,8,8,6,30,9,17,4,14
AWS Lambda Durable Execution SDK Coverage Report/aws-durable-execution-sdk-java-testing,software.amazon.lambda.durable.testing,LocalMemoryExecutionClient,52,771,19,61,12,178,21,58,2,32
AWS Lambda Durable Execution SDK Coverage Report/aws-durable-execution-sdk-java-testing,software.amazon.lambda.durable.testing,OperationResult,0,12,0,0,0,1,0,1,0,1
AWS Lambda Durable Execution SDK Coverage Report/aws-durable-execution-sdk-java-testing,software.amazon.lambda.durable.testing,AsyncExecution,262,0,30,0,65,0,32,0,17,0
AWS Lambda Durable Execution SDK Coverage Report/aws-durable-execution-sdk-java-testing,software.amazon.lambda.durable.testing,HistoryEventProcessor,742,0,153,0,206,0,96,0,8,0
AWS Lambda Durable Execution SDK Coverage Report/aws-durable-execution-sdk-java-testing,software.amazon.lambda.durable.testing,EventProcessor,113,324,15,25,24,92,15,23,0,9
AWS Lambda Durable Execution SDK Coverage Report/aws-durable-execution-sdk-java-testing,software.amazon.lambda.durable.testing,HistoryPoller,96,0,12,0,29,0,10,0,4,0
AWS Lambda Durable Execution SDK Coverage Report/aws-durable-execution-sdk-java-testing,software.amazon.lambda.durable.testing,TestOperation,30,65,7,3,6,17,9,9,4,9
AWS Lambda Durable Execution SDK Coverage Report/aws-durable-execution-sdk-java-examples,software.amazon.lambda.durable.examples,ManyAsyncChildContextExample.Input,0,9,0,0,0,1,0,1,0,1
AWS Lambda Durable Execution SDK Coverage Report/aws-durable-execution-sdk-java-examples,software.amazon.lambda.durable.examples,GenericTypesExample,0,141,0,0,0,29,0,6,0,6
AWS Lambda Durable Execution SDK Coverage Report/aws-durable-execution-sdk-java-examples,software.amazon.lambda.durable.examples,ChildContextExample,0,184,0,0,0,23,0,13,0,13
AWS Lambda Durable Execution SDK Coverage Report/aws-durable-execution-sdk-java-examples,software.amazon.lambda.durable.examples,CustomConfigExample.CustomData,0,18,0,0,0,7,0,2,0,2
AWS Lambda Durable Execution SDK Coverage Report/aws-durable-execution-sdk-java-examples,software.amazon.lambda.durable.examples,CustomConfigExample,3,78,3,1,0,23,2,4,0,4
AWS Lambda Durable Execution SDK Coverage Report/aws-durable-execution-sdk-java-examples,software.amazon.lambda.durable.examples,SimpleMapExample,0,65,0,0,0,8,0,4,0,4
AWS Lambda Durable Execution SDK Coverage Report/aws-durable-execution-sdk-java-examples,software.amazon.lambda.durable.examples,ApprovalRequest,0,18,0,0,0,3,0,2,0,2
AWS Lambda Durable Execution SDK Coverage Report/aws-durable-execution-sdk-java-examples,software.amazon.lambda.durable.examples,GenericTypesExample.new TypeToken() {...},0,6,0,0,0,1,0,1,0,1
AWS Lambda Durable Execution SDK Coverage Report/aws-durable-execution-sdk-java-examples,software.amazon.lambda.durable.examples,GenericTypesExample.new TypeToken() {...},0,6,0,0,0,1,0,1,0,1
AWS Lambda Durable Execution SDK Coverage Report/aws-durable-execution-sdk-java-examples,software.amazon.lambda.durable.examples,GenericTypesExample.new TypeToken() {...},0,6,0,0,0,1,0,1,0,1
AWS Lambda Durable Execution SDK Coverage Report/aws-durable-execution-sdk-java-examples,software.amazon.lambda.durable.examples,ErrorHandlingExample,4,75,0,0,1,21,0,7,0,7
AWS Lambda Durable Execution SDK Coverage Report/aws-durable-execution-sdk-java-examples,software.amazon.lambda.durable.examples,CallbackExample,6,105,1,1,0,18,1,6,0,6
AWS Lambda Durable Execution SDK Coverage Report/aws-durable-execution-sdk-java-examples,software.amazon.lambda.durable.examples,ErrorHandlingExample.ServiceUnavailableException,0,13,0,0,0,6,0,3,0,3
AWS Lambda Durable Execution SDK Coverage Report/aws-durable-execution-sdk-java-examples,software.amazon.lambda.durable.examples,NoopExample,7,0,0,0,2,0,2,0,2,0
AWS Lambda Durable Execution SDK Coverage Report/aws-durable-execution-sdk-java-examples,software.amazon.lambda.durable.examples,GenericInputOutputExample.new TypeToken() {...},0,6,0,0,0,1,0,1,0,1
AWS Lambda Durable Execution SDK Coverage Report/aws-durable-execution-sdk-java-examples,software.amazon.lambda.durable.examples,WaitExample,67,15,0,0,13,3,3,3,3,3
AWS Lambda Durable Execution SDK Coverage Report/aws-durable-execution-sdk-java-examples,software.amazon.lambda.durable.examples,GenericInputOutputExample,0,71,0,0,0,16,0,4,0,4
AWS Lambda Durable Execution SDK Coverage Report/aws-durable-execution-sdk-java-examples,software.amazon.lambda.durable.examples,RetryInProcessExample,114,0,2,0,34,0,6,0,5,0
AWS Lambda Durable Execution SDK Coverage Report/aws-durable-execution-sdk-java-examples,software.amazon.lambda.durable.examples,SimpleInvokeExample,0,32,0,0,0,8,0,2,0,2
AWS Lambda Durable Execution SDK Coverage Report/aws-durable-execution-sdk-java-examples,software.amazon.lambda.durable.examples,ManyAsyncStepsExample.Output,0,12,0,0,0,1,0,1,0,1
AWS Lambda Durable Execution SDK Coverage Report/aws-durable-execution-sdk-java-examples,software.amazon.lambda.durable.examples,WaitAtLeastExample,68,0,0,0,21,0,4,0,4,0
AWS Lambda Durable Execution SDK Coverage Report/aws-durable-execution-sdk-java-examples,software.amazon.lambda.durable.examples,WaitForConditionExample,0,33,0,2,0,6,0,4,0,3
AWS Lambda Durable Execution SDK Coverage Report/aws-durable-execution-sdk-java-examples,software.amazon.lambda.durable.examples,WaitAsyncExample,0,50,0,0,0,9,0,3,0,3
AWS Lambda Durable Execution SDK Coverage Report/aws-durable-execution-sdk-java-examples,software.amazon.lambda.durable.examples,ManyAsyncStepsExample,0,141,0,2,0,23,0,6,0,5
AWS Lambda Durable Execution SDK Coverage Report/aws-durable-execution-sdk-java-examples,software.amazon.lambda.durable.examples,CustomConfigExample.SnakeCaseSerDes,14,25,0,0,4,5,0,3,0,3
AWS Lambda Durable Execution SDK Coverage Report/aws-durable-execution-sdk-java-examples,software.amazon.lambda.durable.examples,CustomPollingExample,3,57,0,0,2,14,0,4,0,4
AWS Lambda Durable Execution SDK Coverage Report/aws-durable-execution-sdk-java-examples,software.amazon.lambda.durable.examples,SimpleStepExample,0,39,0,0,0,5,0,5,0,5
AWS Lambda Durable Execution SDK Coverage Report/aws-durable-execution-sdk-java-examples,software.amazon.lambda.durable.examples,ManyAsyncChildContextExample,0,151,0,2,0,25,0,7,0,6
AWS Lambda Durable Execution SDK Coverage Report/aws-durable-execution-sdk-java-examples,software.amazon.lambda.durable.examples,GenericTypesExample.Input,0,9,0,0,0,4,0,2,0,2
AWS Lambda Durable Execution SDK Coverage Report/aws-durable-execution-sdk-java-examples,software.amazon.lambda.durable.examples,GreetingRequest,0,21,0,2,0,7,0,5,0,4
AWS Lambda Durable Execution SDK Coverage Report/aws-durable-execution-sdk-java-examples,software.amazon.lambda.durable.examples,LoggingExample,0,62,0,0,0,10,0,4,0,4
AWS Lambda Durable Execution SDK Coverage Report/aws-durable-execution-sdk-java-examples,software.amazon.lambda.durable.examples,GenericTypesExample.Output,0,15,0,0,0,6,0,2,0,2
AWS Lambda Durable Execution SDK Coverage Report/aws-durable-execution-sdk-java-examples,software.amazon.lambda.durable.examples,RetryExample,49,93,1,1,9,22,1,6,0,6
AWS Lambda Durable Execution SDK Coverage Report/aws-durable-execution-sdk-java-examples,software.amazon.lambda.durable.examples,ManyAsyncChildContextExample.Output,0,12,0,0,0,1,0,1,0,1
AWS Lambda Durable Execution SDK Coverage Report/aws-durable-execution-sdk-java-examples,software.amazon.lambda.durable.examples,WaitAtLeastInProcessExample,68,0,0,0,21,0,4,0,4,0
AWS Lambda Durable Execution SDK Coverage Report/aws-durable-execution-sdk-java-examples,software.amazon.lambda.durable.examples,ComplexMapExample,0,126,0,0,0,18,0,7,0,7
AWS Lambda Durable Execution SDK Coverage Report/aws-durable-execution-sdk-java-examples,software.amazon.lambda.durable.examples,ManyAsyncStepsExample.Input,0,9,0,0,0,1,0,1,0,1
AWS Lambda Durable Execution SDK Coverage Report/aws-durable-execution-sdk-java-examples,software.amazon.lambda.durable.examples.parallel,ParallelWithWaitExample,0,148,0,0,0,21,0,8,0,8
AWS Lambda Durable Execution SDK Coverage Report/aws-durable-execution-sdk-java-examples,software.amazon.lambda.durable.examples.parallel,ParallelExample,0,121,0,2,0,21,0,5,0,4
AWS Lambda Durable Execution SDK Coverage Report/aws-durable-execution-sdk-java-examples,software.amazon.lambda.durable.examples.parallel,ParallelWithWaitExample.Output,0,12,0,0,0,1,0,1,0,1
AWS Lambda Durable Execution SDK Coverage Report/aws-durable-execution-sdk-java-examples,software.amazon.lambda.durable.examples.parallel,ParallelFailureToleranceExample.Output,0,9,0,0,0,1,0,1,0,1
AWS Lambda Durable Execution SDK Coverage Report/aws-durable-execution-sdk-java-examples,software.amazon.lambda.durable.examples.parallel,ParallelExample.Output,0,9,0,0,0,1,0,1,0,1
AWS Lambda Durable Execution SDK Coverage Report/aws-durable-execution-sdk-java-examples,software.amazon.lambda.durable.examples.parallel,ParallelFailureToleranceExample,0,150,0,6,0,29,0,7,0,4
AWS Lambda Durable Execution SDK Coverage Report/aws-durable-execution-sdk-java-examples,software.amazon.lambda.durable.examples.parallel,ParallelFailureToleranceExample.Input,0,12,0,0,0,1,0,1,0,1
AWS Lambda Durable Execution SDK Coverage Report/aws-durable-execution-sdk-java-examples,software.amazon.lambda.durable.examples.parallel,ParallelExample.Input,0,6,0,0,0,1,0,1,0,1
AWS Lambda Durable Execution SDK Coverage Report/aws-durable-execution-sdk-java-examples,software.amazon.lambda.durable.examples.parallel,ParallelWithWaitExample.Input,0,9,0,0,0,1,0,1,0,1
